submission,name,email,description,status,closed,employee
4/28/2016,Paula,pwells0@ycombinator.com,Sed accumsan felis.,true,3/28/2016,Patricia
9/7/2016,Denise,jnichols1@berkeley.edu,In eleifend quam a odio.,true,8/6/2016,Johnny
4/10/2016,Brian,salvarez2@dropbox.com,Ut at dolor quis odio consequat varius. Integer ac leo.,false,11/28/2015,Steve
4/29/2016,Charles,clong3@oracle.com,Integer ac neque.,true,5/11/2016,Cynthia
4/12/2016,Albert,pshaw4@telegraph.co.uk,"Morbi sem mauris, laoreet ut, rhoncus aliquet, pulvinar sed, nisl.",false,5/17/2016,Paula
10/21/2016,Tina,tfernandez5@hubpages.com,"Fusce congue, diam id ornare imperdiet, sapien urna pretium nisl, ut volutpat sapien arcu sed augue. Aliquam erat volutpat.",true,5/2/2016,Terry
1/1/2016,Eugene,jwood6@feedburner.com,Maecenas ut massa quis augue luctus tincidunt. Nulla mollis molestie lorem.,true,5/26/2016,Justin
3/4/2016,Teresa,cedwards7@smh.com.au,Morbi vel lectus in quam fringilla rhoncus.,false,1/10/2016,Charles
10/16/2016,William,srobertson8@earthlink.net,"Morbi vel lectus in quam fringilla rhoncus. Mauris enim leo, rhoncus sed, vestibulum sit amet, cursus id, turpis.",false,6/4/2016,Sean
3/16/2016,Benjamin,jhansen9@nba.com,Maecenas pulvinar lobortis est. Phasellus sit amet erat.,true,10/2/2016,Janet
2/2/2016,Angela,hhamiltona@java.com,Morbi porttitor lorem id ligula. Suspendisse ornare consequat lectus.,false,3/6/2016,Henry
12/10/2015,Teresa,lrodriguezb@goo.ne.jp,Nunc rhoncus dui vel sem.,true,2/29/2016,Laura
1/25/2016,Jessica,tthomasc@ftc.gov,"Vestibulum ante ipsum primis in faucibus orci luctus et ultrices posuere cubilia Curae; Donec pharetra, magna vestibulum aliquet ultrices, erat tortor sollicitudin mi, sit amet lobortis sapien sapien non mi.",true,3/3/2016,Thomas
1/31/2016,Randy,jperkinsd@ca.gov,Nulla tempus.,false,8/31/2016,Johnny
3/28/2016,Irene,tfraziere@linkedin.com,Nullam sit amet turpis elementum ligula vehicula consequat.,true,11/6/2016,Thomas
9/2/2016,Aaron,trichardsonf@jugem.jp,"Vivamus vestibulum sagittis sapien. Cum sociis natoque penatibus et magnis dis parturient montes, nascetur ridiculus mus.",true,2/13/2016,Theresa
5/24/2016,Johnny,jfloresg@skyrock.com,Nullam porttitor lacus at turpis.,true,7/18/2016,Judy
3/27/2016,Terry,lfergusonh@msu.edu,Morbi porttitor lorem id ligula. Suspendisse ornare consequat lectus.,true,5/27/2016,Linda
5/13/2016,Jacqueline,rrosei@mysql.com,Duis mattis egestas metus.,true,2/9/2016,Rachel
6/26/2016,Shirley,fwilliamsj@mashable.com,"Fusce congue, diam id ornare imperdiet, sapien urna pretium nisl, ut volutpat sapien arcu sed augue. Aliquam erat volutpat.",false,8/20/2016,Fred
10/10/2016,Carol,rwatsonk@china.com.cn,Phasellus sit amet erat. Nulla tempus.,false,3/13/2016,Roy
4/11/2016,Joseph,cmillerl@jigsy.com,"Lorem ipsum dolor sit amet, consectetuer adipiscing elit. Proin risus.",true,6/30/2016,Carlos
12/20/2015,Kenneth,bramirezm@meetup.com,"Integer pede justo, lacinia eget, tincidunt eget, tempus vel, pede. Morbi porttitor lorem id ligula.",true,8/19/2016,Barbara
10/3/2016,Aaron,hhilln@washington.edu,Vivamus vel nulla eget eros elementum pellentesque.,true,10/12/2016,Helen
4/5/2016,Christina,hjohnsono@altervista.org,Nulla nisl.,true,4/19/2016,Helen
